牛轧糖,生活哪能是一帆风顺，我们每个人遇到挫折的时候都会沮丧。可是，我们还有很多爱我们的人，爱能让人变得坚强变得强大。这部电影每个演员都演得很好，生动形象刻画出每个角色，有幽默有感动，有泪有笑。有爱情、亲情、友情，构筑起一道道去对抗病魔的围墙。2020年，我们都不容易，但一切都会好起来的。加油，送你一朵小红花！感谢这部温暖的电影陪伴我们渡过2020最后一天，开启2021的第一天！,1240
BJH,题材很棒 虽然不是易烊千玺的粉丝 但是他接的题材都很棒 演技也很不错 而且里面的吴晓妹是个彩虹🌈 ,1197
已注销,刻意煽情，好难看，失望,572
维恩,本来已经预订心灵奇旅是年度最佳了，没想到啊没想到。不刻意是最高级的煽情。四字弟弟真的太可了！,1180
滋养丰富风味绝,这部电影的整体制作稳重，细节也抠得特别细。作为领衔主演易烊千玺个人的表现非常能扛，扮演一个普通人比扮演一个大人物更不容易，因为观众能一眼看出你是不是融入我们。与其说表演，不如说在体验。,1159
十一月,刚刚看完，全场简直又哭又笑，前半段笑死我，后半段日渐带入。每个演员都很自然，果然一部好电影是所有演员的努力带来的。另外，感觉这部电影大型恋爱教育片（误），太真实，又太感动。不止于抗癌，也不止于生命。,1115
୧⍤⃝ 🍓୧⍤⃝🍔୧⍤⃝🍪,易烊千玺你能好好说话吗……,535
魔仙堡在逃魔仙,2020年花钱看过的最烂的一部电影，谢谢你🙂🙂🙂,552
(ง •̀_•́)ง,易烊千玺的演技还行吧，女生稍微有点尴尬，剧情很扯…看了下导演，哦原来是滚蛋吧肿瘤君…疾病类电影很容易跟心理方面牵扯上，这次也一样。剧情不用看也知道，没有希望和未来的主人公在遇到女主的激励后重新振作，老剧情了（最后想说病没长在自己身上都会安慰别人）,473
不要问我为什么,非常尬，借着癌症的营销拍着又俗又老套的爱情故事，刘浩存太青涩了，易烊千玺演的一般般声音很出戏,541
天台月光洒,太好哭了，无论如何都要热爱生活呀………洗涤心灵的电影。,1071
秋裤的春天,好久没有在电影院睡着了 无聊到不行,490
Lemon,又哭又笑 是温暖的！,968
文明清汤面,主角的口音听得实在是讨厌，太过做作,473
鱼鱼子,演技绝 同为00后 很多点都很有创意 跟我很多素材 教育方式很棒 编剧很棒 从小红花到义无反顾的点 不错,955
乌龟@ 王小嗔,四字弟弟顶天牛逼！！！！！！前30分钟笑的有多开心后面一个多小时哭的就有多炸裂！！！！,933
李改万睡,拒绝脑残粉,396
magoo,韩延你退步了。。。,420
汪金卫,青春爱情甜腻小情侣X抗癌励志感人正能量。从头到尾都在用力煽情。您哭了吗？您哭吧！为爱情而哭，为亲情而哭，为2020年不易的你自己痛哭吧！这种煽情让连泪点很低的我都产生一种警惕心理，就像被古一法师打了一拳，抽离到电影情绪之外，时刻提醒自己片中种种正面积极设定的夸张与虚假，种种悲情催泪桥段的刻意和匠气，以及一些一晃而过的明显剧情漏洞。男女主角的感情发展也如过山车，演绎世界冒险更是傻到家的浮夸做作。演员演得越用力越出戏。尤其是极度善解人意的父母与争着卖房的各路亲戚，美好得如梦似幻。您相信吗？醒醒吧，看看《家庭会议》《过年》和《吉祥如意》吧。那才是真实的家庭关系。如果雨中表白是致敬夏雨，那韩延拍这部影片就是致敬自己。两星半,344
豆友214430274,尬到我脚趾在电影院挖出精绝古城,437
杉森小岛,看玺子哥和别人谈恋爱 还告诉我要乐观积极 / 看的第一场 放映结束大家都安静看到字幕完 😭 ,865
拍照记得插兜,太好哭了，不论是男孩女孩还是爸爸妈妈朋友路人，所有情绪的堆叠都好感人，希望这个世界没有病痛，没有烦恼，只有快乐和红花,851
易南水,"安康唯所愿，风雪小红花。韦一航终于从一只自卑敏感的小刺猬变成坦率的可爱狗狗了。感谢韦一航虽然还会过着死期未定的生活，但终于可以积极不拧巴了。

说得残忍点，给他们一个痛苦与遗憾的出口，他们才能在你离开后问心无愧的开始新生活。
15秒预告让我哭了好久。如果可以我也想好好活着，可这不是得了你们不顾一切也可能治不好的病了吗。如果我带着你们半辈子的爱意和财富就这么走了，接下来的日子该怎么办。
可是小花啊，我爷爷也得了癌，我只是希望他在我身边说着笑着的日子能多一天是一天。",835
读,我吐了。用这片跨年是为了让我对中国电影失望吗？为了粉丝套个抗癌的壳子写烂俗矫情的低幼式恋爱……求求了。癌症人群可不这么过日子。编剧以前是甜宠捞钱捞多了吧，了解点实际再动笔成吗？……气死我了。我不忍心让这成为我2021的第一个片，还是拿来当2020的结束吧。为了看好电影的朋友们，别看！别看！别看！为了四字弟弟的当我没说，他脱了。,400
米饭是甜的！,为了千玺看的，可是并不好看，女主演技好差劲,378
Wuv-wuv,"千玺的演技永远能带给我惊喜

“你好 韦一航”",791
江湖骗子,强行煽情，有点尬，看的都困了，刘浩存还挺好看的,400
Zebra,刚好是我最讨厌的那类片子,361
MonsterINSIDE,啊？...,306
朝暮雪,"刚开始觉得韦一航很矫情，原来，他担心好不容易才和朋友建立了深厚的感情，就离开了这个世界，所以他不想要朋友，不想和任何人产生联系。
既然终归会失去，倒不如从一开始就不拥有。
困扰他的不仅仅是癌症，更是心病。
韦一航是幸运，他在最孤独、最需要帮助的时候遇到了马小远，遇到了这个努力去理解他、对他没有偏见的人。
是马小远让他第一次觉得自己不是累赘，是马小远让他体验有人爱、有人关心是什么感觉，让他可以体验普通人的生活，甚至，他们还可以去低配版南极、死海、撒哈拉……
马小远走进了他的世界，又离开了，但她教会了韦一航爱与被爱。
韦一航学会了如何去爱一个人，也终于知道他也值得被爱。
虽然我们无法选择生死，但我们可以选择以怎样的方式活着。
我们不知道明天和意外哪个先来，但我们可以选择丧和怂，也可以选择和生活死磕到底！",399
hiatus,挺煽情也挺没意思的,372
猫,我一个做放射的，电影里面的癌症病人就是我生活中遇到的那些癌症病人...虽然最后给我看的呜呜的哭，但是觉得特别的有动力很戳心【神奇】...韩延进步了易烊千玺进步了，老戏骨一如既往的牛逼小月月也是演技深入人心...2020年度最佳,742
不是山谷.,有哭有笑，片中最深刻的是韦一航和父亲吵架那个片段，真的把普通家庭里得病的心酸表现得淋漓尽致（还有电影里的很多细节，跨年选择去看这部电影真的选对了）,714
用户40z3j5a8v9,可真难看，难以相信这是韩延导演的,334
咕嘟咕嘟喝多了,笑中有泪，尤其喜欢电影最后的升华部分，在平行世界都有另一个自己。千玺的演技又提升了，电影真的巨好看，必须打五星！,739
终有弱水,不谈恋爱就不会拍电影是吗,338
可爱蓉蓉,作为一名已经抗癌生活了两年多的病患，今天我是拖家带口地来看这部电影的，拖着老公是想告诉他“生病的我难，身边的你更难，其实我都知道，感谢你这两年多对我的包容与支持”，带着儿子是因为这个二八年华的青葱少年，却对于游戏以外的事都提不起热情，我想告诉他“比那些生病的同龄人幸福一百倍的你，去做做这个年龄该做的事情吧！”好作品就应该让人感同身受，原本以为会是很悲伤的基调，但其实并不是，相反还有许多诙谐幽默的片段，但看完全片后让我有了种卸下了某种包袱重获力量的感觉，希望每一位去看这部电影的人都可以哭去2020所有的不堪，笑迎2021美好的明天！,724
倔强的章子怡,"今年看过的最好的影片！！
不同于《滚蛋吧！肿瘤君》，这部影片大面积的涉及到患癌病人的家人的生活现状和感受，生活气息满满，催泪点也满满。舍不得吃吃红烧牛肉饭的父亲，爱人自杀的打气群群主，周末兼职开滴滴的父亲，一毛两毛掐菜叶的母亲，还有很多很多……
这些角色都像我们传达着我们的身边有很多很多病友之家，他们努力着，我们正常人又有什么轻言放弃的呢？
爆笑点也满满，一点儿都不低俗，小年轻之间的暧昧，家人之间的小心思……普普通通的场景就这样显现着，真好！",758
想得你盛赞,"别去看朋友们！太空洞了，只有名字听起来和好电影沾边.....
看的时候一脸迷惑和尴尬，因为题材涉及癌症和家庭也没法过于批评它，但我带了国产滤镜后也只能给它个及格分，只有粉丝才会看的开心吧，主线不知所谓的空洞
一分给父母的演技，一分给女主长得太漂亮了，一分给小红花这首歌（放在谢幕播我也是没想到），再扣一分四字太丑了放大到屏幕更是灾难
",339
萨库拉,除了两三场亲情戏，完全没有落地感，弟弟演得也很奇怪，从头到尾无法代入。,308
十一号,有笑有泪，献给不平凡的2020，也献给努力生活的自己,681
鱼森,那么冷的天，送你一根小火柴吧。,317
意大力,不知道为什么有种上当受骗的感觉，又臭又长，满怀希望进电影院，失望而归,320
一然杂谈,"#送你一朵小红花

我赌30亿+

谁会不喜欢马小远这样的姑娘呢？谁又会不羡慕这样有爱的家庭？坚强乐观的家长？谁又会不肯定易烊千玺的实力和努力？这是一部有爱的影片，看过后真的会有一种送给别人一个温暖的抱抱的冲动……

感谢坐在我旁边的姐姐送个我的面巾纸，我的口罩哭到已经不能用了[流泪]",684
南瓜先生的小猪,期待太高了,282
冰桃雪梨,"来看易烊千玺的第二部电影了！送你一朵小红花，奖励积极生活的我们。
这个题材真的很好， 前半段幽默，后半段感人，没有刻意的煽情，都是真情流露，演员演技自然，好久没看到这么好的抗癌片了。",685
rise—任豪,就这？为什么题材这么出彩剧本如此差？就这个水准好意思营销我是没想到,337
郤诜高第,中戏第一入学两年的学习后演技上升了一个level,632
冷暖自知,吹的那么厉害，结果呢？？,277
洁儿,大概是我期望过高    韩延为什么要导这么烂的剧本   四字的演技没少年的你好  女主非常尴尬   四字弟弟接片谨慎啊,318
楠楠自语,还有十几分钟就结束了 忍不住过来先评分真的太好看了 开始十分钟全影院都是笑声 慢慢的随着剧情发展 有笑有泪 太感动了。。。今年最好的电影🎬 没有之一。。。值得n刷。。。,624
拾。,真的真的一般吧  旁边的女生都哭得不成样子  我只好假装扣扣眼睛😞,318
XieZH,8分。。。太高了，基本得降到6分才算合适。,297
3号厅检票小哥,"今年也遇到了亲属长辈去世，这个分数肯定是有点私心的。

我个人是喜欢这部电影的。

我看到易烊千玺在一开始驼着背，微缩脖子，靠着墙的时候，我就知道这个人物应该能立住了，这片子有戏了。

细节的设计决定了我对它的喜欢。

不敢让儿子发现自己哭了的母亲，只敢擦眼镜。聊到死亡的时候家里洗衣机响了，和心电监护器叫声一样，桌子腿底下的垫纸透视整个家庭的欢乐背后的窘迫。

岳云鹏钱包照片里的彩虹力量，易烊千玺鞠躬时下垂的手臂，不舍得洗掉的小红花。

总而言之，这是一部细节好到让我忽略很多瑕疵的片子。

当然啦，我个人还是觉得结局停在马小远喊韦一航名字的那一刻或许更好。",351
不想再改名啦,好一般啊…前面的那么多营销还以为多好呢 就这…？,270
too分裂,韦一航不要怕别人说你妈宝，你就是妈妈的宝贝啊！,595
逢考必过,这不是披着特殊群体外衣的爱情片吗？求求yyqx别气泡音了吧！,265
Find me,尬,263
豆友227359866,那啥就不能取个一看就是电影的名字😣,237
19號收信人,一星给女主的颜 一星给LGBT,267
狐狸成仙,几次以为要结局了，结果等到了反转。两位主演身上都有一种干净的气质，易烊千玺演戏自然、真诚，细腻的表演让人更有代入感，刘浩存眼神清澈、演戏有灵气，看到了两位主演身上更多的可能。韦一航以女儿的名义给父亲送红烧排骨饭，给了他生的希望、对未来的寄托。即使生活艰难，尽是辛酸与苦楚，两个家庭仍然努力为韦一航和马小远建立出积极乐观的环境。背景乐和青海湖结合，震撼人心，气氛营造得好。生活里既有冲突，也有欢乐，这部电影尺度把控合适。,505
ShuuhasuuCat,廉价生硬的煽情,303
FLOWER,演员演技还可以，剧情实在太差了，一边看一边想着怎么还不结束,282
昂沁,哭得我眼睛都肿了……很喜欢马小远和韦一航假装环游世界那个部分。要认真生活，要用心生活，要过好每分每秒，要勇敢地争取自己想要的生活。,572
厦门楚雨荨,"太好哭了吧,父母真的是软肋也是铠甲,珍惜生命珍惜爱的人",569
玫瑰信徒,不知道导演编剧怎么想的，设置的这个男主形象太不讨喜了，除了粉丝之外的观众怎么代入共情？？我一直以为后面男主会有什么改变成长，结果我到后面我越看越想抽这个男主……就是一部披着癌症题材的偶像剧，那感情线快速而生硬的，恨不得片尾直接原地结婚。。不针对易洋千玺，只是这部导演还把易洋千玺当“刘北山”来塑造了，不怕观众串戏吗？？《少年的你》剃光头，你也剃？《少年的你》致敬《堕落天使》，你也致敬？合着你拍的是《少年的你之平行时空》是吧,254
美食的手下,…是真的难看，演员台词真的听得我巨难受，演技尬，剧情差，强行煽情,247
万事付与千钟,做作,228
哆啦c毛,不好看 看一半就索然无味了  老演员演技还是可以的   韩颜如果一直拍这种抗癌电影 大概才能保证票房   而且要请流量,226
今天晴天,易烊千玺丑演技差台词差是真的……有被精修营销骗过……,234
哟西思密达,豆瓣也沦陷了？,226
艾莉的冷笑话,烂,235
李wangyu,只要主角选的好，烂片好评也如潮，希望粉丝理智不要乱叫，看电影的不一定都是粉丝,245
蒋先生,看来演戏真的需要好演员（周冬雨）带，就像七月与安生里的马思纯，少年的你里的四字弟弟，换个剧情，觉得尬。,229
墨非墨宝,我感觉不怎么样,228
特殊字符,人要哭傻了。易烊千玺与韩延果真没有辜负期待。前半段越是快乐可爱，我就越紧张害怕，于是连自己的欢笑欣慰都是小心翼翼的，像是一碰就碎的精美瓷器。我要替另一个平行世界饱受病魔煎熬的自己，好好活着，替他更努力地去面对这个美丽世界。,559
EDC,"这就是普通的众生相，珍惜身边的人和抱有善意的陌生人。（本来想吐槽剧情有点狗血，但想想好像这就是一个普通人的平常，主角那种状态我好像也有过类似的，很难不感同身受）

补充：看到朋友圈有人说这部电影剧情很一般，没有什么跌宕起伏，但实际上这部电影对于一些比较感性（或者说内心比较细腻）的人来说，绝对是是很喜欢的，能有很大的共鸣。反之，就会觉得这就是一部很普通而并不出彩的电影。见仁见智吧，都对，没有身受哪来感同，留着点念想，多年后再来看看可能就会有不同的看法。",533
贩卖日落,一样的题材，我是带着肿瘤君的期望去看的，然后就……,252
又在说些,挺烂的,225
刘体,好像除了同理心，也拍不出来啥了。,215
亵渎电影,基本上就是中国版《星运里的错》，把戏改到了男孩的身上，展开他的父母和身边的人，情感处理的流畅自然，人物最后的改变很完整，该打的点也都有，演员全体在线，没有任何会让人觉得尬的地方，是一部完成度很工整的行活。,177
华夏骄子,剧情不好看，看十几分钟就离场了,221
ELEVEN,好看好看好看,501
朱古力,从易烊千玺角度，他目前是年轻演员里演戏最动人的。如果少年的你是他的白夜行，小红花就是他的解忧杂货铺。导演是真正的少年，想给你一朵小红花,488
靠靠靠靠你几哇,对不起，我接受不了四字弟弟的台词😭印象最深的是高亚麟的爆发戏，不愧是老演员，四字弟弟赶紧练练台词吧，长安十二时辰冲你去的，被台词劝退，这次也......真的希望下次不要再让我失望😞,232
木禾菌,就这？？？？？？？？,214
秋刀鱼,在电影院晃神的时候感觉自己在看一部青海旅游宣传片……,221
欢乐分裂,2020最后一部片，总体是失望的——过于设计的煽情段落拼贴，过于沉溺情绪的混乱剪辑，过于拖沓的抒情结尾，过于刻意求励志的直白点题。这么好的题材被拍成这样非常遗憾，可能导演只想在艰难的年尾给大家一点光亮（然而即使有相似经历的家人，依然无法共情）。四字表现的确瞩目，但好电影是各方面成就的，不能只指望题材和演员。骑摩托一段太像《最好的时光》啦！,147
太宰治,前半部分的一些笑点之下虽然隐含着癌症患者的心酸，但很好的缓冲了抗癌题材的沉重。如果因为癌症不能户外探险，就找喜欢的人一起幻想去实现它，太浪漫了。夹杂着「失恋水」「不共戴天」的叫做「义无反顾」。2020，送给生活积极的你一朵小红花。🌸,455
墨燃,真的这么冷的天气，一起跨年就挺好的，你非要说“没事一起去看看××电影吧”这电影的排片最高了， 这大概是几年来我俩第二次看通宵电影吧，记得上一次还是几年前，我们看的是陈凯歌导演的，浩然的白鹤少年好惊艳，今天，我俩一开始还挺认真，现在我有些尴尬和无聊，你都打瞌睡了……一转眼，我们都过了煽情不能轻易打动的年龄，一旦灌鸡汤来了就觉得有点难受，我们还是适合拆弹专家那样热闹的电影吧，这个作为跨年电影选择期待过大失望越多。,196
哈哈哈哈傻狗,对易烊千玺又有了全新的认知,440
球球,除了煽情 故事硬伤太严重了吧  真的可以打动人心吗,209
西楼尘,有人变成除了失去他都不会害怕的母亲，有人变成不吃红烧牛肉饭也能饱腹的父亲，有人变成把组织病友群当成救赎的恋人。明白这世界最缺的就是魔法，依然相信，有你就可以走遍科罗拉多和喜马拉雅，遍地的牛羊都是奖给我的红花。饮下这不共戴天的冰水，敬你那义无反顾的烈酒，命运操蛋，却因为你值得珍惜。,148
加油点点,四字根本撑不起男主角，太尬了，说实话还不如去看隔壁的喜剧片,192
收到谢谢学姐,不知道在干嘛，有点莫名其妙的冲突和煽情以及贯穿全片的气泡音,216
🌻,真的很无聊,200
可快去看书吧,和男朋友一起看的，前半部分真的好好笑，后半部分好感人整体节奏比较快，呜呜呜真的好不错，感觉有好好跨年了,462
美丽守护者,9分！作为《滚蛋吧，肿瘤君》的导演韩延“生命三部曲”的第二部，与前作聚焦病患个人的视角不同，《送你一朵小红花》从病患本人的视角出发，细致描绘了一个有亲情、有爱情、有温情的“普通人”的世界。导演和演员的能力很强，韦一航一家三口贡献了绝佳的家庭戏段落，整部电影将病患家庭中父母子女之间的爱和痛苦、患病青年之间的美好与救赎、患病群体之间的鼓励和帮扶描绘得淋漓尽致，绝对的跨年档期必选影片！看完电影相信大家都能获得治愈的能量，生命是一场勇敢的航行，既然风浪无法避免，那就选择逆流而上，在2021年更加认真的过好每一天。,425
秃毛驴,2020的最后一天赶上大堵车，差点赶不上6点25的那场，大马路上一路狂奔，也算是2020的大放肆。这部电影里易烊千玺就是韦一航，一个有点丧有点怂的普通男孩子。要演普通人更难，但千玺的表演会让我沉浸在这个角色里。当然长辈们的表演也特别好。2020告别所有的苦难与遗憾，送你一朵小红花，也送我一朵小红花。,416
暖眼观世界,"只要身边曾经失去过家人、朋友或任何珍惜的人，都能体会到电影的可贵。谢谢@电影送你一朵小红花 最后给出的答案，谢谢你给到的安慰。
他们不曾离去，我们始终在一起。🌺",406
江湖骗子,2020.12.31,170
antify,并不好看………,183
乌鸦火堂,当消极少年遇到了阳光少女的故事，表面上是“抗癌的你”，实际上映射人生，因为所有人的生命都有一个终期，就看你如何面对，是活成了韦一航还是马小远。或者当我人生陷入至暗时，能否遇见一个把我拉出泥淖的TA。活着都不容易，珍惜当下，是对生命最大的尊重。韩延导演延续了肿瘤君的格调，但更加成熟且放开手脚，幽默、浪漫、脑内远足、世上的另一个你，汇成了强大到足以让人拜服情绪渲染，也让最后猝不及防的被重重一击，牛肉饭段落让人泪下。千玺太棒了，未来是你的，刘浩存前途不可限量。所有人都演得很好。PS，夏雨演得马爸爸，女儿叫马小远，脑补出中年后的马小军,275
金利是个省油灯,豆瓣营销之：关起门来先买分,171
付是杉,影院里此起彼伏的哭声还在脑海中萦绕，但相信平行时空的人会收获幸福。,393
葱白__,从不共戴天到义无反顾,173
林子,"感觉电影里的人物都很生动，像活在我们身边一样，这种生活化的剧情片可能对很多喜欢到电影院追求感官刺激的人来说感觉有点平淡，但我本人很喜欢这种棉里藏针式的叙事方式，就像很多年前看过韩国有部癌症题材的《八月照相馆》温情治愈又充满希望！
我2020年最后一部电影，很满足，很感动告别这一年，未来希望我活得更积极一点！",371
文森特九六,从未触及问题的根源和本质，或者说出发点即是偶像号召力驱使下的情感故事演绎而已，当然这本身并未有什么大错，但从宣发上的确造成了对影片试图去关注的群体的剥削。韩延在整部作品中经营最清楚的只有对自己作品的致敬，从“肿瘤君”，到《动物世界》的小丑，再到贯穿三部片的“平行时空幻想”，对生命和生活的尊重这一表达核心却是以近乎最轻浮随便的做戏方式顺拐引出，对角色和观众皆缺乏真诚的爱。于是，煽情点如冰雹一般猝不及防阵阵袭来，却仍不知足，当易烊千玺以明星式形象在青海的风光中再度登场，电影的现实意义几乎被抹杀，因此伴随字幕的真人真事片花成为了某种极具关键性又不合时宜的错位补偿，但正片中对聋哑外卖配送员与苦苦寻孙的老奶奶等人，究竟又有多少真切的关注，大概只是几条少得可怜的镜头和台词而已，请问做到这步，还对得起谁。,134
茯苓,普通中见了真情，平凡中现了勇气，这样普通家庭的抗病生活真的可以温暖和鼓舞我们善待身边的人，珍惜每一天！给主创团队大大的赞，易烊千玺全方位立体地塑造了一个又怂又作又温暖善良的生病大男孩，女主的表演也令人感动，爸妈老马小吴都是更难的家人，看完是流着鼻涕挂着泪的暖心感觉，不虐不伤不揭疤不刻意刺痛什么，但是那股来自所有人的温暖力量会久久不散！,379
今天阳光真好,真的不错，全员演技在线，有泪点也有笑点，关于亲情，关于爱情，关于平凡人的生活，关于特殊群体的生活，我爱这个世界,362
neverland,"如何能在眼泪中带着欢乐
在离别中带着治愈走出电影院
小红花做到了！

不要等到时日无多   才开始认真生活
不要因为时日无多   才开始计划生活
希望这部诙谐又深刻的抗癌作品能有更多人看到
让国人慢慢以更开明和积极的心态对待自己的人生遗愿
想做的事和想好好对待的人
无论何时开始执行和珍惜都不晚

好导演、好演员
值得去贡献一张电影票
算是给自己2021一个好开头的治愈良药。",378
头上长出角,送你一朵小红花，值得。,383
被全世界喜爱,我的伯母肺癌 去年去世了 她生病了 我们能做的只有安慰她 多陪陪她 和她一起等待死亡的降临 想到我去照顾她的那几天 她没力气吃没力气坐 她望着我们就哭 我们也跟着哭 还叫她别哭 她痛得整晚整晚睡不着 大半夜一直喊叫 我们就得起床帮她挪一下躺着的姿势来缓解疼痛 所以我能体会剧里家人有多难 电影讲的是众生 众生皆苦 但是还是要奖励积极生活的我们🌺😭,381
❤,真的真的要带纸巾！和同事五个人一起去的！两包纸没用够，并不是多么悲，而是真的每一个画面，每一句台词都直击内心！易烊千玺，再次惊艳了我！明天和闺蜜去二刷！,376
姜镱圩,期待了很久的电影吧，前半段在笑后半段哭到失声。很现实的一个题材,356
过客聪聪,一部豆瓣6.5及以下段位的电影，粉丝铺天盖地的五星不仅不是帮他，反而是在捧杀他。这既会引起路人高期待低感受后的情绪性低分反噬，也会让观众因为客观评价的心理需求而对虚高的电影评分和尬吹的演技（只是还行）产生敌意。这本质是在推开粉丝外的观众。作为演员易烊千玺还有很长的路要走，他也是小鲜肉中难得有点演技的，请粉丝们不要再用吹捧的方式“”落井下石”了。,178
Guess,配角太出彩了，关于家庭那部分不要太细节，也是最能让观众感同身受的。赚眼泪。千玺越来越好了啊，加油哇,306
爱看电影啊☀️,温情的电影！！！难熬的2020过去了，2021就要来了！！！！送积极生活的大家一朵小红花呀！！！,341
410c,"2021年第一部电影,如此的平平无奇",170
dreamふル,易烊千玺牛逼演技牛逼,360
一條魚佔滿了河,無論是主角配角，還是沒有姓名的角色，即便是在電影的細縫中，也皆是對於生命的溫柔與希望，讓人在笑著哭著中心存光亮，韓延、易烊千璽和劉浩存一起，也讓人看到了華語電影未來的希望，以此畫下2020年的電影句點，完美。,0
随心随意点,剧情俗套，演技台词也非常一般,170
Alkalineee,"“小红花 奖励你人生第一次积极主动”
“大人才考虑傻不傻 小孩只考虑能不能变成真的”
在死亡来临时死神的面前，究竟能看见什么？是未来。是温暖。是特异功能。",333
米米小小,非常极其无聊的电影，浪费我钱,163
齐天大圣来也,韦爸韦妈的话治愈了我  韦一航和马小远的相处细节 细腻心思治愈了我,339
逗猫草,太难看了，四字好好练习台词吧，简直是灾难，毫无演技,159
天上人间,看到两包纸巾都不够擦，笑着笑着就哭了，还幽默的让人心疼，这样的题材，这么好的演员，你们就是一家人，也谢谢你易烊千玺，谢谢你选择做演员，让我们看到不一样的易烊千玺，把每一个角色都演绎的那么真实，你就是韦一航啊！就像小北一样，无人超越！,331
泡芙,从不共戴天到义无反顾,299
W,我真的不怎么喜欢这样的女主和跳脱的剧情,151
Enjolras,"万万没想到，2020年的最后一晚也能在电影院收获惊喜，十分满足。打磨好故事，选对了演员，韩延导演的新作相对以往上了一个台阶。
从癌症病患不同于寻常人的生活态度，有的自暴自弃，有的假装坚强，有的自我催眠，到癌症病患家属所承受的巨大的压力和痛苦，从癌症病患相互扶持陪伴走出阴霾，到将目光转向每一个辛勤耕耘对抗艰辛的平凡众生，影片曲折的故事中无处不透露出朴实的人文关怀。
演员的表演更是加分项，易烊千玺的表演越来越具感染力，情绪传达得既饱满又自然，刘浩存的表演既有灵气又亲切真实，两位主角之间的互动也很来电，cp感极强，把一段少男少女之间的青涩爱恋演绎得生动甜蜜，朱媛媛、高亚麟和夏雨三位老演员的精彩表演则又把影片的表演带高了一个层次。
2020用这部电影结束也算应景，有病才有救，在此祝诸君新年快乐，来年一切安好。",295
Pikachu,如果有什么东西可以永远支撑你，那一定是父母的爱。,301
不良生,我羡慕韦一航能遇到马小远，要是没有她，他的人生该有多灰暗；我欣慰马小远在生命最后一程能有韦一航陪伴，倘若没有他，她的人生该有多寡淡。两个都有缺失的癌症患者，卑微而小心翼翼地相互慰藉、给予、联结、取暖、羁绊，两个生命个体之间的共振——这是让同样有最亲近的人患癌经历的我觉得最动人之处。最后他终于敢掏出一颗真心而不再害怕死掉，她也终于在平行时空里抵达那片青海湖。人生很苦亦有诸般愁，多谢你曾赠我一朵小红花。,216
留白,真的非常难看，剧情拖沓，人物塑造立不住，情节跳脱，易烊千玺让我觉得进入不了这个电影，小岳岳的角色可有可无；还不如去看晴雅集我错了，至少人物和画面是好看的。,158
幻幻瑜,"真的泪点笑点都在了！
易烊千玺真的太让我惊喜了，和之前小北完全不是一个人，韦一航的所有丧的那种状态，真的揣摩的相当好！还有各种小表情真的特逗
和家人的感情戏真的太感人了，让我眼泪一直的掉。还好给了我一个不错的结局，可以让我释怀。
这真的绝对值得去电影院看的好电影，易烊千玺就是一个好演员！
和我同去的同事，全军覆没，全哭惨了。",323
Ting,被拉去看的 真一羊千洗,138
rango,明明可以把这种题材拍的很丰满……但是小学生写作文一样……,151
黍离,如坐针毡,146
沙丁鱼,三星半，其实完成度挺高的，不过两个人设实在没什么特别之处，易烊千玺的角色重合性太高了,151
肆无忌惮,难看的一笔有nm意思吗这种辣鸡电影,150
Fisher.,很刻意，略失望，咋说呢,156
棉亚麻树枝,很尴尬，导演还得好好学学怎么表达。易烊千玺也救不了这电影，刘浩存到底是谋女郎...,164
死阿丁Austin,在2020年最后一天抢占最烂台词剧本，每一个角色的戏份都像是“我这里需要一个xx的角色说一段xx的台词”，感人的点廉价到临期促销产品都自惭形秽。现实世界里真实活着的人，是不会按照这里面的台词这样说话的。,146
八八十,好欣慰啊！！！脱离中二期的韩延真的会讲故事了！！！,276
紫藤,一个嘴里含着袜子说话含糊不清，一个掐着脖子装嫩。能不能有点进步再去吹影帝，什么玩意,145
frozenmoon,易烊千玺的演技确实惊艳，这么小的年龄，这么松弛有度的表演，真是不可限量。那段醉酒表白的戏确定无疑看得出功力。这电影其实就是个标准制式的绝症类型片，中间俩人假装周游世界的部分挺尬的，只是后来给救回来了。在目前大银幕上的整体质量中对比，这已经算是不错的作品。我们只有这样的电影没有什么外部压力，似乎谈的又是生死大问题，显得很深刻，但实际上并无法真的深刻。,115
大C,演员没问题的，我觉得主要是导演和剧本的问题。,161
再看就把你喝掉,感觉还差点意思，看出四字努力了，但那装酷时用力的嘴再稍稍放松点就好了，这样表情会自然些。女生的光头是头套吧，本来感动的场景看出戏了都,126
Angeladaddy,煎熬的两小时,133
𝐶𝑒𝑙𝑙𝑜𝑝ℎ𝑎𝑛𝑒,巨无聊 无聊到看手机八百回,129
永远喜欢法音哇,尬，指剧情,145
南悠一,"虽然俩小时，观影却难熬，仿佛被偷走了一整天时间。前半段还好，后半段基本就没有人物变化了，主角周围一片和谐纯净，导演甚至没做更多探索，选择了一条最简单的煽情之路，精确计算而来的故事，直指商业电影的媚俗特性：当它需要的时候，右边可望见一个寻孙的奶奶，左边也可望见一个聋哑的外卖小哥。为了让观众不停哭，它找来了一篓子催泪素材。当然，戏外的项目经理也很专业，知道选这么个好日子上映，社会情绪打准了想不火都难。唯一能让我看下去的是，配角不拖戏，主角至少干净、没杂质。

在现实里，周围的确有很多人委屈地活着，坚韧，把苦痛都咽进肚子，进影院能被按着头大哭一场对他们来说算是宣泄了。所以，可能有这么一群观众，也就必须有一个创作时会沉醉于自我感动而不知收敛的韩延吧。",88
小尹同志,四字的演技对比少你有了很大的提升，果然中戏没有白读。每个演员都贡献了好的演技，包括配角，每个人都有高光时刻。四字把一个中二少年演绎的很好，十八九岁的少年就是这样，任性冲动平时酷到不行私下却是个小可爱，还有岳云鹏老师，第一次看他这么正经的演戏，竟然不觉得出戏，爸妈演的很好，感觉他们就是一家人。平凡的生活带来平凡的感动，是一部温暖人心的电影。,288
小A,男女主角写得很好，外向开朗大大咧咧的女生，因为得病而自闭，畏惧付出真心而对喜欢的人具有攻击性的男生，两人化学反应是好剧本的优质素材。华语电影界比较害怕写女生主动的爱情，本片编导艺高人胆大，末世恋爱既单纯又热烈。但韩延和编导明显不满足于此，加入对社会现实的讨论。需要积极叙事的人乐观吗？直面不正常的人悲观吗？“你的身体属于你也属于我”的封建大家长和受控制的妈宝。病人闯办公室加塞让我看到简略处理背后编导的态度。韩延比前作更进一步，懂电影有追求。易烊千玺细微之处表演很见水平。,218
Vicokubi,不得不说 四字表现不太自然 所以说还得有人帮着把控把控 雨里喝醉表白那场咋的都像弱智呢,148
pilipala,票钱还我。,129
王哆哆,这朵小红花  送给你,246
下一步,太老套了，演技也不太行,132
才不是嘞,披着抗癌的皮讲爱情 刘浩存别跟周冬雨比了 跟周冬雨差远了,117
一瓶电,失望 也不能说很差劲吧 就是很一般 从导演到演员到剧情都不怎么样 主演就高亚麟有点水平,135
月亮酱,为生活 积极主动第一次～,246
方枪枪,2020年最后一部惊喜，真的很棒！导演对情绪与节奏的把控非常好，虽然是一部讲述抗癌的现实主义的电影，但却不刻意煽情，而是凭借情节和叙事一点点打动观众，逗人笑，更让人感动到哭，韦一航和马小远，两个人互相帮助与扶持在影片前后形成了巧妙互文；此外，让人印象深刻的还有对癌症患者群体以及癌症患者家人的真实细腻呈现，各个都隐忍着痛苦，努力地活着；毋庸置疑，这一切还得益于演员出彩演绎，所有人的表演都恰如其分，拿捏到位……在2020年最后一天看这样一部电影，无疑有着特殊的意义，人生百般滋味，生活需要笑对。也许在另一个平行时空里，没有疫情，没有苦痛，所有人都快快乐乐开开心心地生活着。,188
瑞克fuck全宇宙,在电影院如坐针毡。,130
西帕克,年底最让人动容的温情之作。《滚蛋吧，肿瘤君》的b面，讲述的是癌症病患最真实的故事，过着偷来的生活，试图抓住仅剩的希望和温情。前半部浪漫轻松，用喜剧和爱情化解厌世和戾气；后半部观感则更加复杂，面对巨大的现实深渊，有深深的无力感。梦中的湖泊是虚无的具象化，不是未来或平行世界，而是和自己和解的窗口。,185
无感,刻意感动，剧情无聊，演技也尬，简直太煎熬了,127
乃猫,一般,119
青藤走狗,结尾像拉稀，略拖沓了，其实没啥必要。整体算不错，这种节奏柔缓的故事一向很对我口味。以这样一部题材的片子来作为2020年最后的注脚倒也挺搭。另，四字演技没拖后腿，虽然早就看过他在《少年的你》里的表现，这次还是带给了我另一些惊喜。（音乐也很棒）,189
Nsjdhdj,难看得要死！真的难看，不知道讲得什么，主线是什么？演技也好尬,130
Darilynn,难看 气泡音我吐了,123
戏莫,控分不要比脸,117
安徽的乐乐,演技有点撑不起来,129
陀螺凡达可,2.5 有人能把广告拍出电影感，就有人能把电影拍出广告的塑料感。以及这些幽默段落的廉价配乐是从淘宝买的吗？不知道是团队还停留在上个世纪的电视剧创作水准，还是团队认为中国观众的审美和理解能力仅限于此。浪费了一众好演员，也幸好有这些好演员，尤其是易烊千玺和刘浩存，在剧作和导演如此拉胯的情况下，他们的表演撑起了整部片。,64
瞎子炳,"看之前朋友告诉我，她看到一个鹅友评论：“如坐针毡！”我嗤之以鼻，不以为然！冲着四字弟弟，我就可以！看完一个小时左右，我们对视一眼，一起起身离开影院…",123
常开心常健康,选择在2020年这个caodan的年末的最后一天看小红花，大概就是对自己过去不放弃更努力生活的最好的奖励。影片开头是被两个小年轻的甜甜生活和风趣幽默的一家人而开颜，后面随着剧情推进，影院里开始不时响起抽泣声，你走进每一个抗癌群众的生活，仿佛有一种力量牵引。这部片子其实本质不是在讲抗癌，而是在讲围绕一个抗癌家庭周遭所展开的情感纽带。最后真的有被治愈。从影院出来第一件事，打了一个电话回家里，和爸妈报声平安。2021，欢迎你！,249
fanansheng,"《小红花》的质量这么好，远超出我的预期了，可能是今年质量最好的片子，推荐大家一定要看下。
易烊千玺这几年的片子，质量都很不错啊，演技越来越好了，已经是实力演员了，牛。小花刘浩存演的也很好，比之前《一秒钟》里的表现好，其他几个老戏骨的配戏，也杠杠的啊。厉害了！",244
NEX7-印小天,新年第一的尴尬😓 浪费时间,119
kristy,易烊千玺演技很好👍，好喜欢韦一航跟其父母的戏，这个电影的代入感很强，所有的无奈悲伤欢喜生活的点点滴滴都那么真切，我希望2021年每个好心人都开开心心、心想事成❤,236
邓安庆,真挚动人，让人泪目，但并不一味让人悲痛。两位少年之间的情感，易烊千玺和刘浩存表演得非常自然，让人忍不住随之情绪起伏。朱媛媛和高亚麟不愧是戏骨，细节处理得细腻生动。雨夜表白、父子冲突……几场对戏都不错。很喜欢！,132
无言,就老戏骨戏份还有一看,131
Silver,拍的什么东西……我在看快手大合集吗……？,129
刘野马,挺失望的，并不好看,126
Luc,"
观影的时候好多次笑出声，也好多次忍不住抹眼泪，比起5年前的《滚蛋吧肿瘤君》，导演韩延进步明显，站在癌症患者和家属的视角，珍惜生命中每一个互相温暖的瞬间。韦一航家就像是所有普通的家庭，省吃俭用的父母，青春叛逆的孩子，但他们却更能体会到“普通”是多么宝贵。易烊千玺、刘存浩的青涩、放松和乐观，冲淡了“病友群”的沉重，哪怕爱情戛然而止，也值得送上一朵小红花。人面对失去挚爱时会突然长大，看着银幕上战胜肿瘤君的勇气，足以让人鼓足信心面对新的一年。",235
bucibuci,"果然映了那句“开始营销越猛的，越是烂片”
预告全是讲家庭各种煽情，结果到电影院一看大部分是谈恋爱？
四字的演技时好时坏 全看对手戏是谁，还是青涩了点，ball ball 四字弟弟谈个恋爱吧，感情戏太僵硬，明显没什么经验，而且他说话是怎么回事？网上气泡音？刘浩存妹妹真的不适合这个角色，看她的脸配上戏了的角色设定，真的入不了戏，而且演技真的是…这真的是谋女郎吗
最惊喜的还是戏里男主父母，太会演了太真实了，拿捏的好好
最气的是这个剧本和这个后期，什么鬼，所以这部电影到底想说什么，什么都要沾点，最后拍了个四不像，突然亲情又突然爱情？？？场景转换也特别特别生硬，还有那个结尾，导演您在干嘛，整部电影透露着一种浮躁的感觉。所以，这部电影所有钱都用来宣传了是吗？
最后，这就是部消费千玺热度的视频",130
一切都是最好的,真的一般般，期待太高了，失望越大，,130
秋秋兰兮麋芜,很遗憾，2020年以这部片子结束……我应该停止在心灵奇旅，心疼我的45块钱，最后的画面是在拍广告嘛……,137
MR.Charles,重疾不仅是一个人的事，也是一个家庭的事。很早就听过那句，医院的墙壁比教堂聆听了更多诚挚的祈祷。一场大病对一个人，和对一个家庭的改变，是长期的。无论是在得知确诊的开始，还是对抗疾病的中途，或是重拾生活希望的最后，我们所追求和奢望的，可能仅是那一朵小红花，对生存与死亡的双重致敬。本片很好的把握住病患家庭的情感戏份，在写实同时，也带来了沉重，与温情。,215
酸酸乳,配角比主角出彩太多了,120
AKB48-张元英,剧情悬浮 人设有问题 浪费时间 第一次看到男女主角都讨厌的电影 没见过这么不懂事的 ,126
东北洪常秀,四字团队会选本子，四字争气！最后也为岳岳钱包照片上的小彩虹点赞，给所有认真生活的人都发一朵小红花。,212
😯😘😘,我实在受不了四字弟弟的演技了，我以为少年的你是开始，没想到是巅峰。这种打着骗眼泪的癌症片硬生生拍成了爱情片，我带着孩子都不好意思给孩子看，孩子才七岁很喜欢弟弟，唉,133
后自愈,"人群中唯唯诺诺的壁花、隐忍或爆发的哭戏、上了大学之后的成熟男孩，易烊千玺都能一一应对。玩世不恭却不招人反感，这个度拿捏得很好。天赋和运气，他都有了。韩延的发挥一向挺稳，欢快与悲情基调交错，也没有说教意味。
其实除了癌症的部分想额外说一下韦一航的父母，他们可真好啊。尊重孩子的选择，把孩子视为独立个体，从不涉及孩子的情感问题，对，这个片子里没有早恋一说。这一点，是我觉得当下最宝贵的。",113
森林深处的一只,生活虽苦，但仍要咬牙坚持，奖励积极面对生活的自己，送你一朵小红花,225
甜甜甜甜椒,爸爸妈妈真的是太好了，打了儿子一耳光又过来送药，真的是泪目了😷没有刻意的煽情，却很容易共情，会让我不自觉的就想，如果我身边有人生病了，我真的会很难过🥺,232
Infinite,难看 一星平衡,103
艾伦耶格尔,太长 太无聊 情节也很尬 吹的很逆反,124
文文酱,为所有在这世上努力生活的人而点赞,218
王帅傅,2020看过最差的院线片，剧情和赶鸭子上架一样哼哧哼哧的，难以想象是韩延拍出来的电影，前半段又臭又长模仿《飞屋环游记》，后半段女主角基本没了，硬煽情尬转折，是为了凑钱排《动物世界2》吗？影响跨年心情,119
Stella,粉丝电影，矫情的男主，圣母的女主，没有镜头语言一直几乎都是中近景语言叙事,120
masami,要是世界上所有的演员都能明白，演戏越克制，越在细节“轻描淡写”做文章，越动人，就好了。若说有什么缺点，剧情某些地方发展有点跳跃，小毛病，瑕不掩瑜！,230
超肥玛丽,夏东海哭的太有感染力了，每次都让我泪流满面。还有吃牛肉饭的爸爸，几乎没什么台词但是哭死我了！前半段轻松言情爱情，后半段积极生活珍惜每一天！(岳云鹏说台词字正腔圆但是毫无感情),168
往事都随风,本来想给三星，就一部马马虎虎的无聊片，最多及格，营销真厉害。,111
我可以换名字了,无聊透顶的剧情,109
寒枝雀静,2.5 / 依然有韩延有趣的地方但还是挺失望的。从中段开始就基本放弃构建情境直接开启《演员请就位》短片拼接大电影模式。如此理所当然地把爱情线硬生生叠加在抗癌线上，然后预定了必然的人物交互与情节走向，抹除前1/3敏锐的矛盾冲突。“癌症患者”的身份标签一贴上，“命运”“疾病”之类无可抗拒、懂的都懂的“生活”哲学粗暴地调用起来，生产“正常”与“不正常”的陡峭系统就悄然抹平无需继续深入了，“动物园”也自然走向遍布“合群”的羊的辽阔大草原了。但哪怕崩得难以忍受，易烊千玺依然那么好，怎么能在中后段剪得那么糟糕情节拼凑感那么严重的情况下，依然在各个段落里那么耀眼……,75
支离疏,这部电影是表演的胜利。证明了演员演技全体在线（真的找不出一个拉胯的）后可以将一个在立意和叙事上并无太多新意的电影加成到何等地步。小岳岳的表演算是他无数客串生涯里的最佳吧？整部电影的叙事节奏其实是情绪节奏，所以显得很饱满，煽情处基本比较克制，不招人烦。四字弟弟的表演层次又丰富了，要较真的话当然还有不足，可已经足够撑起角色了，有几个瞬间的感染力真棒。四字的角色设定本身就是对鸡汤正能量的一种反讽，然而最终呈现在电影中的算是萃取过的鸡汤了，从反入正，故事自身的价值扭转，设计得好。总之，韩导越来越成熟了。,156
旋律Ars,身为医务工作者，我建议不要看这个电影。我是真的绷不住，希望病魔远离所有人。,191
没人发现,我的2020过的一塌糊涂，但我感谢其中的所有感动和不完美与完美。2021一定要努力一点认真一点。,223
海上那点白,2020/12,203
单海鸣,说实话，很一般，虽然看之前就猜到一般般了，但看完了还是比预想的还一般，最后两人白衣那段拍的跟农夫山泉mv似的,117
枫叶🍁,温情，笑点多过泪点。韦一航、马小远真实的让我代入了自己，在遇到困难的时候有点丧或者伪装坚强，但总不自觉在最亲的人面前绷不住自己。我们都害怕失去，但失去不可避免，那就好好过好每一天。2020再见了，送你一朵小红花，因为你学会了和自己和解，明年继续加油哦,224
愤怒的寸茎女孩,十足的电视剧，完全放弃声音，剪辑和环境，看了一小时实在熬不住退场，不会真有人能从这片里感受到甘甜苦辣吧，摆明了就是一大骗子。,117
卡比受不了,"今夜跨年夜
他约她去看电影
她在开播前两小时放了他的鸽子
你也许想错了
我不是他也不是她
我是她的背锅侠
来陪……他?
这就是两个大老爷们在情侣环伺的影院看四字弟弟的原因
嘈杂的荧屏和欢乐的人群
我只觉得他们吵闹
",85
佐罗大王🌸,哭得头疼。,211
alain.proust,"两个小时收获颇多，给这几个节目的喜爱度排个序吧：超级变变变＞伊利金典有机牧场＞铂爵旅拍＞金鹰独播剧场＞余罪＞演员的诞生。（还有刘浩存请不要再杀我了！",65
彻青,笑中有泪，泪里还有着对生活的积极态度。蛮有生活气息的一部电影，小细节很多，能感受到酸甜苦辣。看完感觉蛮温暖的。,217
Sin,很少给电影打这么少的评分，电影前期感情戏突兀，四字弟弟表白那尬的不行，好题材但表达真的很差劲了。,111
luck叔,不合适角色,112
秃头秀儿,很矫揉造作是真的，喷发式演技倒是区别于面瘫演技了，但是还豆差不多,98
明天的记忆,送给积极生活的2020儿们！,194
SXIALAN-,只能说千玺的演技值得！,188
木石子,2020最后的眼泪留给“小红花”，希望大家在新的一年开开心心，别再那么“丧”了！,156
凯迪拉克漱口杯,太好哭了，作为每天跟肿瘤病人还有他们家属打交道的人我在电影院泣不成声，作为医生我们能做的实在太少了，更多的是患者和家属的付出，他们真的太不容易了，借用影片的片名来说送他们一朵小红花,219
色蓝,前笑后泪，非常动人，非常真实的电影,205
Sleepy💤,………一般吧 ,100
豆豆痘痘,好久没来豆瓣了，因为最近实在是过得太匆忙。今天跨年，也终于能在下班后走进影院安静的看完一场电影，不得不说，我的选择很明智，小红花正如其名，温暖又浪漫，完全没有想象中的充满沉痛与伤感，反而处处惊喜，笑着笑着就哭了，哭着哭着就又笑了，十分奇妙，也充满慰籍，希望这份暖能一直持续下去，这也算是送给自己的一份开年礼物，送我们一朵小红花，2021继续加油！,207
豆友205566698,"真的是为千玺骄傲，我要一直做你的影迷！真的很自然很自然，电影很温馨而且搞笑，只有经历过，才能更有资格说感同身受吧！生病了难，但家人更难！但一家人一定要坚强一起陪着战胜它
2020年快要end了，但我们会迎接新的2021，希望新的一年，能让我心心念念的人好一点，我们一起克服啊",194
一颗🍎,太难看了 又无聊又尬的一部片子 元旦档的片子都好烂 准备二刷拆弹专家了,111
fortunateChris,2020最后一部电影,179
盘尼西林,剧情过于平淡了，大题小做，本来想来电影院大哭一场，发现失望了。,112
ฅฅ,送你一朵小红花 奖励你 有勇气 主动来和我说话,183
？者,想了想还是扣一颗星，烂片说不上，但优点好像也没多少，这片不适合大银幕，适合地铁上随便看看的那种,119
啊猫,一般的爱情类型片,102
糖糖葫芦,在学校门口吹了半个小时冷风最后打摩的电影结果就这？唯一一次掉眼泪是失去女儿的父亲坐在马路边上边哭边扒饭，太无聊了太无聊了怎么会怎么无聊,90
李知恩,就很尬，演技没见涨啊,99
南燕,"2021/1/1  14：19
1.第一次在电影院体会到如坐针毡的感觉。稀烂的、口号式的台词，东拼西凑的剧情，毫无人格魅力的两位主角，做作的表演，三流的偶像剧情节；一部试图用力煽情的失败的现实主义电影；
2.导演你能先把癌症病人当正常人看待吗？编剧你能竖起耳朵听听身边人怎么说话的吗？
3.糟糕的观影体验：右边把单反放在膝盖上摄影的人，前排拍摄演技“炸裂”桥段的粉丝，后排开闪光灯摄屏的人……
4.在2021年选择这一部电影作为开场，脑子有病的竟是我自己。",98
__Elaine,我们不瞎吹，31号晚上看的，电影院70%的人都在耍手机。。。,94
云胡不喜,太催泪了，我哭了，家里有病人才知道有多难,195
wwwwww,"就挺遗憾的。
《小红花》跟《少年的你》差的不是一般的量级。小红花的导演处处透着坏审美，许多人物，情节和台词都是为了煽情而煽情，表现手法不现实不真实，处理方式还颇为老土。并且过多的浅显独白让镜头语言失去意义。
这样说吧，《小红花》的电影主题曲mv比电影好看20倍吧。
",102
maria迪,在不平凡的一年即将结束的最后一天去看了小红花，心里暖暖的。抗癌电影没有特意强调悲的部分，一直在给人以希望，让人有继续坚持下去的勇气。演员全部演技在线，舒舒服服的度过了两个小时。,180
玫瑰佐罗,温暖治愈，用这部影片告别2020年、迎接2021年太合适了。生离死别，是我们不愿面对却又不得不面对的事。看到韦一航的父母对孩子那种心疼隐忍的爱，很感动，特别是看到韦爸爸在餐桌上边鞠躬边摘掉眼睛掩面而泣的时候才更能体会到在孩子面前高大的父亲其实也有着成年人的无助。不完美的世界，不完美的小孩，不完美的父母，却是最真实的爱。愿新的一年，我们每个人的生活就像海报里写的那样———心如花木 向阳而生,178
8.24.,很感人的一部电影，每个演员的演技都在线，好几个点都很好哭，给每一个普通的我们，送你一朵小红花！,188
遮住脸就是帅逼,太散，太假，太刻意，很多地方情绪铺太满了，其实静下来更能塑造氛围。,99
春风十里不如你,演员拉跨，为什么眼神能如此无神。蹭耽美的擦边球，想蹭红利又不想被议论。整个电影情节也不行，总之就是不行。,73
巴塞罗那,一部适合家人，朋友，情侣一起去看的电影，不会后悔，每一个人都演技在线，毫不夸张。,184
小金活很好,题材好剧情差，最后半小时坐立难安，和药神差了一百部少年的你，完整程度甚至不如滚蛋吧肿瘤君。感人不是不要逻辑，感情悬浮着刻意挤眼泪。,83
拉布拉多不喝酒,从妈妈得了鼻窦癌到现在整整一年了。怎么过来的我都快忘记了，生活很苦，但也总有希望，送你送我一朵小红花，四字弟弟演技真好呀，比第一部电影更加细腻，演技共情能力好强，女主感觉也比一秒钟好，很漂亮，老戏骨们演技更不用多说了，2020要过去了，2021继续努力加油。🌸,186
巴啦啦小魔仙,就怎么说 剧情太一般了 两个年轻演员演技有点尴尬,88
Escalin,四字真是TF三个里对自己定位最明确的了 有两个片段相当出色 刘的表现很不错 比起一秒钟的表现好太多了,146
小枫,畏畏缩缩扣扣搜搜，爱情不像爱情，小清新不像小清新，搞笑又没有很搞笑，真不知道这种四不像拍出来干嘛？连个清晰的主线都没有，东一榔头西一棒，简单剧情啰啰嗦嗦讲不清楚。女主特别撑不起，一开始以为她演的是个幻想出来的假人，那样还说得过去一点。四字的诠释也有问题，为了哭而哭，为了偏激而偏激，雨夜表白是什么脚趾抠地的尴尬表现，尬到让人一直跳戏。还有不是在钱包里塞一张穿彩虹的合照就能按头gay，哪怕在小岳岳那么多次描述中有一点呼应也行啊。电影不是符号堆砌，本片完全是从一个符号生硬地跳跃到另一个符号，而缺乏必要的起承转合，最后甚至直接旅游广告MV，上一个水平这么差的导演是郭敬明。p.s.全场最佳朱媛媛，不用力的表演才是真正的表演。,88
-,温暖又感动的一部电影 千玺的演技越来越好啦 好想和韦一航谈甜甜的恋爱呀,168
高级动物,有笑有泪，前半段俏皮，后半段剧情急转直下，然而不变的是始终贯穿全片温情的底色和积极向上的主题。没有我担心的刻意煽情，韩延这次很棒，给他一朵小红花，摄影配乐剪辑也都恰如其分。最后当然要夸夸我的易烊千玺，两年的潜心学习让他的表演更加游刃有余，张弛有度，我为你骄傲！,178
肥囡,非常好看，值得去看,172
宏康,粉丝霸屏，一星中和一下。,89
哪吒男,哭的特别爽，泪点被按着使劲儿戳，戳到后面都快麻木了，扣你一朵小红花。,41
Anna0019,难看感觉是被营销骗去看的，整个剧情节奏慢非常的莫名其妙，新年看抗癌片又觉得是爱情片，衔接生硬，尬吹的男主演技做作，一半时间走神时间在玩手机，全片唯一感人的是坐在医院门口吃饭的父亲。,88
tlal1122,太失望了，绝了奔着少年的你口碑去了的，结果就给我看这？怎么可以比隔壁温暖的抱抱还要烂啊，元旦就没有好电影了吗。,88
嘿嘿嘿,"新年就让我看这么无聊！！！！这么难看的电影！！！
呸！",93
薛定谔的脑子,韩延了不起,188
coward.👒,6.5左右不能更多了,96
溧滦籽.,很好看，有点笑点有泪点，每个演员的演技都很不错，即使是小小的配角。非常推荐,171
圆首的秘书,2.5 没有一句话像是人说出来的，从人物到情节都非常失真，标榜普通人，却与实实在在的生活无关。,58
艾迪芬奇,剧本很一般,86
土豆牌,以往跨年，会选择和家人看一部合家欢。但因为今年的特殊情况，选择了这部抗病题材。电影拍得并不沉重，幽默温情、表演可爱、情感饱满，四字弟弟，再次用“眼神”和身体“语言”证明了一个演员的天赋。相比《肿瘤君》，《小红花》有更多对生的渴望，对生命的敬畏，这样的表达，在这个年份显得更温暖人心,175
adgcgf,去看了，被骗了(*￣m￣),81
成知默,"
一个癌症病人的人生是怎样的呢？当然不尽然是漫长痛苦的治疗，不尽然是每时每刻与死亡的贴身肉搏，不尽然是悲情与哭喊；它当然可以是治疗后与常人无异的一张脸，是活在可能复发阴影里的小心翼翼，是对未来还有着自己的期盼。导演的抗癌人生选择了第二条路未尝不可，两个家庭因为癌症被改变，但最终却沦为了抗癌题材包裹下的青春爱情片，张绍刚骗子大师和散伙饭高喊口号尤其尴尬异常，正常病友群也不这样啊。高浓度的勾兑鸡汤，人生实苦实难，但我无法被这种虚妄的虚假的糖抚慰。",52
星野,节奏拖沓，剧情乏味，得亏配角们的演技，粉丝一直屏摄，观影体验极差。,75
每日C,"8分 不完美，但是打动我了低于评分➕一星亲情触人心底，爱情青涩甜蜜！告别2020！希望2021一切顺利！送我一朵小红花❀",168
…,后半段太拉胯,79
豆友191307958,这爱情片想表达什么？看完不值这37块8票价,89
ななせまる,其实挺普通的，如果是日本电影我会三倍速观看的那种。。,75
--,《这评分没有粉丝滤镜！没有！割割好棒》,76
漙漙,与其害怕失去而唯唯诺诺地生活，不如勇敢去面对和珍惜。,137
Radiohead,题材有先天优势，和前作肿瘤君比起来还是不行。 易烊千玺雨中表白那一段真的好差。 ,81
我叫他小文物,前面真的笑抽了 超级好笑 到中间和后面又好好哭！总之真的太好看了！易烊千玺演技一如既往的稳！🌺🌞,153
rolisa🇨🇳,告诫自己：以后不要着急，一定要等评分出来再说，让评价再飞一会。这样就不会被骗进电影院了。,75
一杯渺小,五星给四字弟弟～,154
张洋_Allen,什么破玩意,81
我情绪零碎KAI,"这不是最佳的韩延，尤其在《动物世界》已经展示了作为导演杰出的掌控力和飞升的想象力后，这一次的落地确实显得普通地泯然众人。用患病的壳托爱情的底，《肿瘤君》玩过的桥段如果反复用来创作实无三部曲必要。
不过以上都不妨碍这是极佳的表演。如果带着寻找类似《少年的你》名场面的动机去看易烊千玺的表演，大概率会失望，但这恰恰是他又精进的最佳印证。在对手演员的重场戏里，易烊千玺非常清楚且精准地控制自己的肢体和面部表情，比如在面对父亲送药时情绪失控泪流满面时，易烊千玺的选择是克制收敛，在最需要释放的时候一声“爸”戛然而止却余韵悠长。而高亚麟和朱媛媛作为配角也交出了极佳的演绎，一个精打细算到了斤斤计较的母亲在发现儿子试药换钱的饭桌上是一字不发，可脸上藏不住的焦虑担忧、生气难过、心疼怜爱却给出了所有需要的内容。",108
乍暖,有抚慰人心的力量，尤其放在20与21的交接点。易烊千玺演技太好了，颤抖的手指和蜷缩的身体，细节动人。笑点密度和设置明显增强了也聪明了。彩蛋还蛮多的，韩延要自成宇宙了。男女主角的互动让我想到了《怦然心动》，深夜在动物园边听声音真浪漫啊～（扇完巴掌后父亲的道歉我忍不住哭了，将自己整个人带入了角色，我希望我的父亲能那样，但没有机会了。）,110
荀攸着,"导演是个神经病吧，
立意绝佳，就怪话太多
过之而不急也
",90
琴殇丶韵染,……,56
小橘子xxx🍊,如坐针毡，如芒刺背。1星给四字，1星给家庭争吵戏，四字还是要靠导演带啊……,81
Wink大魔王,剧情推动 靠台词。 导演 编剧 ？你们谁是电视剧转行过来的么？交代信息也太直白了吧？？？ 真的感觉有点扯？梦幻的收尾。 经历抗癌真的像你说的那样么？个人感觉 只是动了一个好的题材 ,86
leslie2020,刘浩存真不错,151
Twinkle,1.我为什么不好好在家呆着，无比希望自己能坐在电视前看B站的跨年晚会； 2.电影院左边大姐不是在录屏就是在拍照，剩下时间大多都在看手机，我：？ 3.右边大姐开场半个多小时才来，一落座，“好帅啊”，我：？ 4.刘浩存的声音我从一秒钟里一直出戏到这里；5.一眼看出来是在青岛拍的，当时就住在旁边的民宿里，每天都路过那家医院去坐公交；6.影片故意煽情又臭又长，豆瓣开分8分是用脚评的吗，六分不能更多了！抗癌的我才7.7啊兄弟们！,72
改个名字,温馨，治愈，感动,141
壹贰叁肆伍,不管有病没病每个人都要努力的活下去。韦一航就是我们生活中的每一个普通人，当我们遇到困难时，要学会认真努力的生活下去。,146
仙气飘飘,比前作差远了,70
高杨壮壮,刘浩存真是个美女 如果她不说话的话,77
玄铁营扫地工,一个标准的烂片…感觉就是导演想说点什么，但是其实什么都没说…多给一星给四字弟弟吧,72
顧青裴,劇情拖沓，把好好的論理劇拍成愛情片！衝著品4字的演技去的，也不過如此！看之前就擔心會不會被捧得太高了，果不其然！演的痕迹太明显，時刻告訴觀眾他很用心的在演！入了演字也就入了下成！可提昇的空間相當巨大！,68
贝卡呀,铺天盖地的宣传也改变不了是部烂片，抗癌片变成青春爱情片。一星是给几个老演员的，其他是真的差劲……,70
跑起来,救命，开头特别搞笑，后边好感人😭,146
舟月,无聊,73
一一,亿点点失望😞,76
1128,千玺演技很好，期待新电影！,127
阿法纳西耶夫,我哭不出来诶，很尬。,74
名字,拍的什么玩意,77
落灰锦鲤,送你一朵小红花🌺,126
三毛呲,纯粹喜欢剪辑，剪的真好啊，哭了。但是4弟弟台词真的听的我…难受。雨中那段告白还有一些台词真的太尬了。,122
木卫二,正如2020年跟之前任何一年相比，都像平行世界。电影里的中国城市，自身也像一个平行世界，即便我们知道它取景于青岛。对于经历过或正在经历抗癌的个人家庭，畅想无痛无忧的世界也是一个平行世界（近乎天堂的存在）。易烊千玺表现不过不失，与父母亲的情感线都成立。以及，刘浩存的声线举止，比之在《一秒钟》要好接受得多了。,46
南团,这种题材并不好拍，过于励志显得假，过于残酷走向丧。《小红花》对这两者间的度拿捏得挺到位，因为它呈现的就是看似互斥实则一体的肉身：没人愿意得病（过得艰辛），但又不会甘心被病魔（生活）轻易击倒。有了这种复杂性，那些看似突然、突兀的举止就变得真实且具有情感冲击力。比如母亲朱媛媛，抠门到五块钱都要计较，当她面对抱着孩子讨钱的妇女，突然情绪崩溃，最后却递出了一百；易烊千玺封上了自己的内心和情感，却在医院突然对插话的人发飙。这些“突变”都是复杂人性的产物，所谓乐观也有绷不住的时刻，绝境中仍有活下去的渴望。其实绝症（患者）在片中只是一个最极致化的象征，实际所指涉的群体要宽泛的多，它指向所有在生活不易的现状下依然与命运死磕，心向远方与海的人们。他们是影片中虚构的父母，也是片末一一出现在纪实画面中的芸芸众生。,106
太多废话,看的首场，感叹亲情的力量。在病痛面前，人与人真的很难感同身受，生病的人和他们的亲属，就像是被放到了孤岛，互相搀扶寻找生机，想活着却又想放弃自己，这种挣扎太真实太好哭了。2021，希望大家都健健康康平平安安快快乐乐。希望我的爸爸妈妈身体健康，我好爱我的爸爸妈妈！,135
Yukiiiii,一言难尽,59
连城易脆,在三星和四星纠结。由于这部电影前期捂得很严实，所以我个人也没有什么预期，但是这种略带饥饿营销式地手法的确使得首日的票房形成一种爆发式的效应。实际看下来，感觉质感还可以，尤其本身是医疗行业从业者，会有更多的感触，只是正因为觉得还可以反而又觉得比较失望，失望在这部电影的商业性还是太强了，有太多的桥段是一种精心的算计，因此路人确实会比较吃这部电影，但是在我眼里，则某种程度上是披着抗癌皮的爱情片，当然易烊千玺和刘浩存的CP感的确很足。但是这种商业性元素会明显稀释电影的现实主义力度，电影的力量感也就变得不那么强了，这对我来说还是有些遗憾，过于迎合市场和观众了。当然对于片方来说，这样的口碑以及票房估计已经非常满意了吧？,40
居无间,能将绝症题材拍得如此举重若轻，韩延导演又进步了。第一场看到全身发麻的戏，是马小远为韦一航在现实世界里打造出一个「远方世界」，比《滚蛋吧！肿瘤君》的幻想还棒，因为更贴地、所以更动人。两位主角像在孤海里拼命挣扎求生之人，他们想逃离、想奔向远方，最终发现，其实对方就是远方。影片高级之处是，它为绝症患者创造了个人世界，又希冀将其轻轻打碎，这是最温柔、最善意的励志。易烊千玺演得太好了，初恋的悸动、懵懂、喜悦，面对亲人的不忍、嗔怒，迎向新生的脆弱与顽强，都非常克制且到位，前途无量。,80
橙,这是做过电影院满座的一次 期待2021年的易烊千玺 期待演员易烊千玺,138
孙大智,“你好！我叫韦一航”,152
多喝水,看完电影我爸给我打电话说在小区门口接我 到家了我妈叫我一起泡脚,134
罐装月亮,温情吗,56
一次性起床,为什么评论的标准都这么高，啥叫2020的最后一部烂片，你这么说，我还是不会觉得自己在电影院哭的很惨这件事不高级，不要用轻飘飘的话动摇一些没有立场人的认知，电影能对人起到鼓励作用，带来积极正向的引导，就很棒了。,94
Foxy,一星给对yyqx的光环 催泪 可还是挺烂的,69
黄某某,虽然但是前座的女生全程举着手机抓拍真的很影响观影体验,100
McDonald’s,没啥意思,63
K漏路局和恭C,这不就是披着抗癌包装的言情剧吗？救命这爱情线也太烂了！能不能少一点感情线啊，我觉得家庭线那段还不错的结果就又绕了回来，那几句什么你就永远是我的人了不带粉丝滤镜听实在是太尴尬了,64
燮燮,冲着四字弟弟去看的这部电影，白天买票的时候已经没有好位置了。需要说的是虽然是抗癌，但是电影一点儿都不悲情，我觉得很甜很幽默也挺治愈的，是一个温情的故事。所有演员演技在线，四字的台词和表演十分细腻，可以看出他在每个地方都用心揣摩过，相比《少年的你》可以明显感觉，他多了技巧，那段雨中表白的演技真的很绝，虽然经验不多，但是他很松弛，演技高光很多，祝你明年有提名吧。谋女郎比《一秒钟》中的表演进步多了，但是雨中表白那段没有接住四字的戏，但笑容甜啊，小黑脸洗干净了，真漂亮。适合跨年的电影，祝票房大卖吧，好电影值得被更多人看到。,121
Immortal,那碗红烧牛肉饭。,94
zhanghengzi,拍得乱七八糟的，要温情不够温情，要感人不够感人，要深刻不够深刻，爱情、家庭、病痛，啥也没有拍好。老戏骨们的演技硬撑着电影。看在弟弟的份儿上多给一星。,76
豆友212709950,温暖跨年,126
一切顺利啦,剧情薄弱，几乎无，没有悲伤有亲情感动点，跨年看下还行，三星半吧,83
婷,温暖感人的好电影，每个演员演得都好，易烊千玺真是一位优秀的青年演员，演技越来越自然，看着舒服，看着精彩，期待他更多好作品,137
J💋Z💋L,挺无聊的 这电影炒作的厉害👍,63
别枝惊鹊,带够纸巾带够纸巾带够纸巾！！！以及小岳岳的角色是个LGBT这一点非常值得好评！,113
胡汉三又回来了,面对无法改变的未来，我们该怎样做？是积极向上，还是消极堕落，期待小红花，玺帝怎么那么牛逼，他妈的太强了，白衬衣很帅，小光头绝美，剧情前面搞笑后面催泪，伤感又有点甜，又哭又笑，温情治愈，真不错(*๓´╰╯`๓)♡,126
yancy,看了真的希望弟弟也去谈恋爱吧。演的好好啊。吃醋的时候，紧张的似乎，窃喜的时候等等,128
神威太太,感覺像2、30年前的親患體驗……,54
momoling,笑中带泪，韦一航谈恋爱真的好苏！！！！,123
🥝,刚开始以为就只是一部爱情片，稍稍有点失望。但是到中间直接哭崩，我所有的眼泪都贡献给了电影里面的爸爸妈妈，但哭着哭着偶尔又被逗笑，忍不住会想起爱我的爸妈，亲情永远是最戳我的点。电影说是在讲抗癌，但其实更多的是在告诉我们要积极乐观地面对生活吧，挺好的，因为2020真的很苦。最后还要说一下，易烊千玺很牛逼啊，少你里面惊艳到我的演技完全不是偶然，这部里面甚至又更上一层了。,125
？？？,人活着，活的就是个精气神！有笑有泪，温情动人！好看！,120
iMi,"强烈推荐！！！
太好看啦，十八线小县城，我是经常会去那个商场挨着影院楼层的，重来没有见过那么多人，检票时队排了老长，我妈说过年去都没有见那么多人，厅里满满当当，最前排，角落都坐满了人，太热情了。
电影好多笑点，是不是一阵笑，易烊千玺演技真的又进步好多，感觉他就是韦一航，在向你诉说属于他的故事，让人不由自主跟着他的视角走，该笑的时候笑，该哭的时候哭，太厉害了。
在这个不太友好的2020快要离开之时，送自己一朵小红花，迎接崭新的2021吧！",120
闻,说2020年最好的院线电影应该没毛病，毕竟也没上映几部,117
折别枝,真的好讨厌营销大于电影本身这种模式啊，反反复复，青年演员如果真的想要长久，必须要爱惜自己的羽毛。,34
陷落北山,非常适合跨年档的电影，虽然讲的是绝症，但并不会过于沉重，前半段还有点搞笑和调皮，是一部非常温柔的电影，看完有一种被温暖的水包裹的感觉，很舒服。演员全员演技在线，重头戏都在千玺身上，但完全立住了，塑造了一个丰满立体的男孩，还看到了点喜剧天赋，演得很细腻自然，不得不说上学还是有用的。亲情的片段太动人了，爱情的片段都很甜。讲的是普通人的生活，剧情比较平缓，演员演技大于剧情，结尾处的小羊很治愈。恭喜千玺。,117
看家本领,新年愿望：找到马小远这样的女朋友呜呜呜,116
Duan,存在是奇迹，平凡是积极。放弃多余的期待，认真生活每一天。,93
小灯,说觉得别人哭得稀里哗啦腔都不敢开的人，想也不会对电影有什么好评价，因为压根没有共情能力。特别喜欢里面的家庭戏，父母老人对孩子的爱，太羡慕了。一个看似一无所有的人其实非常富足，富足之后却还是一无所有。有被鼓舞到，易烊千玺真的很棒👍🏻,117
BACKSIGN,"小时候，小红花是对自己努力的鼓励和认可，长大后，小红花是平安喜乐，是那些我们盼望达成的事情，就好像今年的疫情，亦让我们懂得珍惜和健康，这就是生活所赠与我们的小红花，生命只此一次，因珍惜而珍贵。
送你一朵小红花作为跨年档果然没有让我失望，作为生命三部曲的第二部，继续了之前的生命题材和真实故事，看完并没有想象中的沉重，反而更能感受生活中的美好，即使病魔来袭，我们也不会被轻易打倒，因为背后有家人和朋友，这种爱的力量足够保护我们砥砺前行。
Ps:之前对四字弟弟不太感冒，但经过少年的你和送你一朵小红花后有了很大的改观，能够放下自己偶像包袱全部投入电影中，这才是一个专业成功的演员应有的素质。期待一下他和周迅的合作～",120
撷云,看完少年的你的确会怀疑易烊千玺的演技是否是偶然，看完这部小红花不得不承认他的演技是真的灵。,96
云衣子木,啊...没拍出抗癌人士的悲伤苦痛...跟我不是药神差得太远...三分 一分给千玺和浩存的演技 一分给爸爸   一分给妈妈,70
七月,易烊千玺最新电影《送你一朵小红花》从癌症患者出发，聚焦两个抗癌家庭群，展现两组生活轨迹，讲述了一个温情的现实故事。我想这朵小红花，会是永不凋零的花！送你一朵小红花，祝你来年多玺乐！,118
shana,笑中带泪 爱情是甜的又是苦涩的 喜欢两个小年轻的态度,113
软,感觉一般吧 后半段为了催泪而催泪了 虽然我完全无泪点 ,50
安小亮,节奏略有些慢。但是！！！演员和剧本很好！有被治愈到。,117
Peter Cat,爱情段落很好呀，然而，前两幕的强纯爱类型到第三幕笔锋一转，要往绝望中的每个人去拔高——好端端一个《在世界中心呼唤爱》，硬是想往《药神》的全社会高度去靠，结果第三幕就像是片尾滚动字幕加塞的小视频一样，点题是点了，但假大空，关键是最考验两个人爱情和表演的情感高点，就如此莫名其妙划水了。还请商业电影尊重类型规律，尊重电影人，该推字幕推字幕，那点不纯粹的剧本和营销心机，转换泪水和票房绝对没有癌症分开两个爱人来得多。,33
江湖骗子,后半段后劲好大…四字弟弟看到羊群那一段太自然了 ,106
安。,新的一年，都可以积极向上吧！,108
46470,"1.电影镜头表现力不够
2.主旨全靠台词
3.选角不行
三颗星不能太多了…
被预告片骗了",60
记得这个我,有笑有泪，在今年最后一天得到了力量，新的一年要好好的,119
🌈K、,烂的一比，完全不接地气的剧情和台词几乎比肩早年的郭敬明，台词写的没几句是人话，既没有抗癌也没有纯爱。还有人说真实？？真实的抗癌是亲戚争抢着卖房给一侄子看病还是青春病友小妞凭空变出花式装备带你各种装逼各种飞。唯一真实的片段应该是医院那句草泥马的然后一拳搂到四字那张歪脸上。,40
nimbuee,化疗对肝脏和免疫力的伤害非常大，病友聚会喝啤酒、躺铁轨这些事情只会发生在披着抗癌外衣的烂片里。浪费了本患者宝贵的两小时，抗癌不是平行时空虚幻的美好。,54
　　　,期待过高，有点失望。,64
YY,终于又可以在大荧幕见到他，千玺加油，导演，编剧还有剪辑，加油？奥力给,127
昵称待取,很温情很治愈！哭完之后感觉能量满满了，易烊千玺的第二部电影，比第一部表演上更成熟，很多细节都处理的非常好，对少年的期待都是值得的，看之前会抱有更高的期待，相信看完电影的都会忍不住想夸！真的很棒！值得二刷,115
Marquis.F,没有感到这个电影对癌症有什么社会性帮助，相比《药神》感觉这部电影完全是癌症概念包装的青春片，各种鸡汤和煽情片段基本没什么推进剧情的能力，可惜了这些优秀的演员……易烊千玺是真的香，年轻人前途无量,62
free最好的时光,"我想每个人都能在电影描绘的群像中找到自己，那些被生活软磨硬泡却又不得不硬着头皮向前的艰难时刻，何尝不曾蒙着被子大骂一声傻逼。活着，是认怂，更是一种勇气。“平行时空”真是一个绝妙理论，对明天的期许又多了一些。",112
XXXX,刚从影院哭着出来的我，想大声的说滚蛋吧2020！千玺对角色的理解和表达的很细腻，完全就是那一类人，带入感很强。,114
大聪看电影,"《送你一朵小红花》的层次感拍得很丰富，细节铺垫和编织很多，有亲情有爱情有温情，影片段落之间控制有度，节奏感把握很稳，这是绝症卖惨题材难得的一种克制，从而让影片不会一直处在情绪低谷。

而且相反影片前半段那些轻松生动的幽默，让人看到了更多的乐观开朗，后半段也没有完全走狂澜煽情路线，而是让他们坠入更复杂的现实中，去面对那些无法回避的难题，也更凸显男女主角的情感。

四字弟弟和刘浩存两人的组合，情感真情流露自然可爱，加分了更多影片意想不到的惊喜，视觉看脸是一场享受。

当我们看到处于接近完美年龄和颜值的两人，却要面对现实中病魔带来最大的无力感，生活的磨难没有摧毁他们，而是让他们成为了更坚强的人，在疫情当下，我们不正是需要这样的信念和勇气吗。",43
No name,2020年末看的电影，虽然电影很肤浅，但我掉了两次眼泪，谁让我也是个病人呢。,53
名以为你的树,"再多的闪光细节也不能掩饰它的确是一个平庸的故事
故事的长线是一个被人拯救和自我拯救的过程
想到了十年前的夏至未至“那个男孩教会我成长那个女孩教会我爱”哈哈哈 就 很老套 开场二十分钟就能想到 这男的会变好 这女的会出事 仔细想想 这桥段 真的不行
 其他大概体会还有 用力过猛 念白做作 骑摩托剃头之少年的你2.0
当然它是有闪光点的 癌症 亲情 LGBT 实在是太容易引起共情 想到了我在学校摔伤时我妈来接我偷偷抹眼泪 想到我短暂结束生命的高中同学 父母演得真的很到位 年轻人真的还要继续努力 
再说一个 我真的不喜欢气泡音


",61
禾九,"如果不是高亚麟和那个父亲，这部电影最多两颗星。128分钟的电影无聊到爆，几个笑点哭点完全没办法让人代入，基本就是往你眼睛里滴过期的眼药水→_→。
两个月进了两次电影院，女主都是刘浩存，名气越来越高，演技倒是越来越差了。",60
Yukitoki🐰,兩顆星給四字哥的臉和身子😘 其他的 我只能說各方面很好笑  更新：最後的十分鐘比整部電影好看。（ps我說的最後十分鐘指的是爸媽拍的視頻那段,71
嘟嘟嘟,被朋友拉去看的。。。尬得一批。。,38
爷最烦装逼的人,这部电影的细节好多 好好品😭,100
豆友2008,演技精湛，既幽默又感动！,107
#宾州遭重创#,四字弟弟会挑剧本也会演戏，整个片子像一个童话，但起承转合也经得住细想，用新生代演员来讲年轻人和两个家庭的抗癌故事，悲哀里还是给人留了希望。2020年特别难熬，到今天也算是熬过去了，小红花送给电影內外每一个努力生活的人。另外这部电影催泪但也有好玩的细节，也能作为一个让人好接受的防癌提醒，2020年里听说了太多患癌的消息了，希望多一些家庭能看到这个电影，爱惜身体重视体检，早一步防癌，让病魔离得远一些。,71
Highonlife,压缩到80%长度会打五星,62
frplatte,看出来导演想让观众共情 但是套路过多节奏很烂真的挺无聊,54
你咋回事儿啊,还不错，是认真拍的电影。,73
烦了,台词真的太太太尬了，就算是想要演出颓废的感觉也不用说话跟喉咙里含着口痰似的……但是还是哭了，为了里面亲情的点吧，因为从未得到过这样的爱。小吴的爱人是同性这倒是我没想到的，可惜最后连脸都不配出现，不过我还能要求什么呢？,45
MaxwellCN,中段绝对浪漫，后段扎实温情。（But，平行世界/未来有点nova广告即视感，独自去青海又有点特仑苏广告即视感。）,65
娱乐圈知名观众,千玺演技细腻不尬，但是剧情真的处理的不好，后半段剧情垮掉。,49
酱之,送你一颗小星星,28
R,标记的第1400部。节奏有点慢，甜甜的恋爱。刘浩存太可了。也是一部劝人活在当下的电影。配乐有汉斯季默內味儿了，仿佛一直在看星际穿越哈哈哈。最后感谢你，2020。你好，2021。,60
TAKA小狮子,总有人想方设法，在你短暂的生命中浪费你2个小时。,40
这么突然吗,湿漉漉小狗狗表白🈶,91
👾 王可爱,能看的那几分钟全刷到过好几回了。本来就没多吸引人，看完剪辑再去看整部电影，感觉真的有点烂。看到那些抖音上的吹捧，我只想再重复一遍：是tm真的烂！！从没有一部电影如此的招我烦！！！不知道本片想表达的主旨到底是哪个。我想问一下，导演是不是郭敬明的好朋友？？？不，这碗鸡汤给郭敬明的青春文学洗脚差不多。能不能把电影票钱赔给我！！另外最后半个小时等于完全没剧情，并且鸡汤的非常尴尬，浪费三十多分钟坐在那。风格和话题大杂烩一样，什么玩意儿都想往里掺。影片结尾的彩蛋短片更是low到极点，直接给我看懵了。这视频不仅更加模糊了电影主旨，而且这放电影后面合适吗？导演是有多爱刷短视频？我自己去抖音上刷的好人好事更感人点，谢谢。,29
七月,强制煽情，泪点全在亲情。两星给颜，一星给妈妈。,53
圆脸胖胖,"节奏太慢了。。。男主女主演技真的比不上一帮老戏骨，一到他们两我就出戏。同样是绝症相关的，比不上药神和肿瘤君。
男女主突然就喜欢上了，我都没反应过来，正在反应呢，女主突然就不舒服了，突然就过世了，我真的黑人问号脸。。。其他人的戏份很精彩，到了男女主就是突兀和尴尬。这么比喻吧，其他人的戏份调个色就是《我不是药神》，男女主的戏份就是二十年前的讲绝症的日剧韩剧，还没有二十年前的戏精彩，其他人和男女主完全是画风不同的两部电影😂😂",58
朝阳区妻夫木聪,前半段要好于后半段，在呈现自然生活的细节方面，韩延已经可以做到不露声色了，这也让片中的那些煽情段落显得自然且击中人心，但是到了后面剧情的发展并没有跳脱预期，也仍然免不了有些刻意美化和上价值。整体的话的确是一部清新流畅且观感极佳的作品，试图展现出现实主义题材更广阔的一面，包括在探讨病痛与生死的问题背后，进一步回归到生活本身，所有演员的表现都相当不错，易烊千玺和刘浩存一个收一个放，搭配巧妙，青春期的懵懂恋情展现的生动灵巧，而几位配角的表现更是赋予了整个故事更高的可信度，另外岳云鹏那条线真的很勇敢，很棒。要说还有什么不满意的地方，可能还是觉得整体有点过于理想化浪漫化了吧，能感觉到导演试图想要挖掘一点阳光背后的那一点阴影，但最终还是不得不化于鸡汤中。私以为，苦难就是苦难，永远不是恩赐。,29
吾去矣,不喜欢,17
只爱陌生人,真的喜欢不来这电影的。。完全代入不进去。。然后，配乐很糟糕，听的我很烦躁。。演技的话，四字弟弟感觉不如《少年的你》。。独白也太多了。。什么平行世界，什么幻境都是什么鬼啊。。,46
boa,剧本不行啊，要么专注于爱情题材，要么专注于抗癌主题。两分给男主父母，一分给男女主的脸。（要是男女主台词能说得更清楚就好了，说得太快了）,44
小寒爱思考,就还行吧。,47
戈多,"我好喜欢，预告的时候就开始哭了，只是觉得正片里有很多本应更往里挖情绪的片段 被处理成了戛然而止。感觉前半段比后半段强。
送我一朵小红花🌺
谢谢送我的一朵小红花🌺",82
徐棕榈,转折生硬 刻意高潮 勉强及格,57
巴伐利亞酒神,看到苍老的民工父亲流泪吃外卖那一幕，再也绷不住了。这绝不是什么煽情，这是整个2020年所有中国人扛过的难，承受的痛，和委屈的泪水。四字弟弟在朝四字哥哥的方向努力，但仍有很长的路要走。倒是刘浩存，第一次get到她的可爱，她的坚强，她的浪漫，和她的脆弱。和《少年的你》四字弟弟骑摩托带周冬雨兜风反了过来，这次轮到刘浩存骑摩托带四字弟弟兜风了，非常有意思。那句“大人才考虑傻不傻，小孩子只管好不好玩”点亮了全片，无论刘浩存和四字弟弟模拟海滩南极，还是四字弟弟父母拍摄生活视频，甚至包括夏雨客串的刘爹，都表达出孩童一般的纯真和想象力。如何面对一个这样残酷的世界？我想导演韩延已经在这部电影中给出了他的答案。,32
IZ*ONE -库洛米,打着抗癌旗号的矫情青春爱情剧,57
🌵🌵,关于癌症群体的A主题从一家子争着卖房开始就可以论定为疫情时代下对大众心态的剥削，完全不具备现实性，真就跟片子里天台上灌鸡汤的大师一样，收钱用欺骗进行安抚。剩下一个爱情B主题可以直接对标《新不了情》，导演去学学人家港片啥叫接地气吧！同样是男性视角出发，同样是健康救赎病态的设定，情节转折都一模一样，而袁咏仪的角色多有实感啊！到您这儿女主角就成了一个直男对理想化异性想象的意淫式投射，一个毫无生命力的献祭符号（尽管创作者极力让她看起来有性格）。,31
撇横横竖,新时代的《新不了情》，野心更大，关照更多。写的好，拍的好，演的好。四字弟弟确乎是好演员。,61
杰明Jerry,每个人的痛苦都难以令他人想象，2020年没有人是容易的。结尾出现的那一个个平凡生活中的人共同反应出了这个苦难的庚子年。本来这个一个关于癌症的很好的题材，却大篇幅来讲韦一航与马小远之间的爱情，相遇的莫名其妙，感情的发展也莫名其妙，剃头隧道骑行的一幕幕总使我想起《少年的你》，太出戏了。送你一朵小红花，愿来年的美好都与你环环相扣。7.2/10。,48
Sinx,"易烊千玺演的力度很好。演员演的都很在线～男主父亲演的稍微有点可怜，刻意了一些。",88
保定大侠胡春杨,莫名其妙的气泡音怪难受的,27
把闹钟关了,伴随着欢声笑语和泪水看完了小红花，马小远和韦一航的相处是那么美好，好到让韦一航忘记自己是一名癌症患者。马小远爸爸平时看起来没个正形，但是在女儿生病的时候仿佛一夜变成了一个沧桑的老父亲。韦一航的父母拍视频告诉儿子他们如果他不在了，也是可以好好生活，但是他们视频里的每次对话都是围绕着“儿子”。最大的哭点莫过于路边吃外卖的父亲了。亲情线永远都是最能引起共情，让人动容。2021送你一朵小红花奖励积极生活的你，真好。,94
不许骂帅哥,首先这个分型就离谱。说说观影感受，两个青年演员挑大梁结果被大梁压死的程度....易烊千玺台词差，气音是jyp教出来的吗？咬字一直在吃字，好多句台词我都没听清楚他在讲啥。如果易烊千玺刚好及格的话，刘浩存就只能有50分。演技、台词以及情感没有哪一项到位了，除了一张小白花脸。几位老演员确实牛批，唯一哭的片段就是高亚麟给易烊千玺送药道歉那里，真实地想到自己爸爸妈妈了。当然，只给三🌟，演员有问题，剧本和导演更有问题。这两位都不是调教不出来的演员，但都没发挥出来。剧本太太太平了就...........,46
柚子,"不得不说，每一位演员都超精彩，小到没有名字的群演，大到易烊千玺和谋女郎，都是真正的演员。千玺饰演主角韦一航，把人物刻画的活灵活现，把一个癌症患者的心理变化都表现出来，每一个小表情都非常到位。
偷偷看女生微博，被妈妈误会那里超级可爱和搞笑，小表情、身体动作都很到位。
妈妈发视频，航航看的那段也很好哭。眼眶红红的，观众很容易带入进去。
有很多小彩蛋，三刷之后很发现很多小细节。
",76
kilig,有点无聊啊…声音听着不舒服,30
山林里的蘑菇,易烊千玺 必须五颗星,87
Enlightening,和《我和我的祖国/家乡》在本质上没有区别，近三年此类受市场青睐的国产电影让人不得不思考广告片和短视频文化是怎样同时降低了创作者和观众对彼此的期待。韩延的编导不出意外地平庸，喜剧段落融合《家有儿女》式的情景剧文本和抖音/快手的短视频风格，其余则用一套几乎能默念于心的视听惯例来感动久经训练的观众。《别告诉她》之所以能有如此震撼人心的力量，是因为王子逸明白真正的救赎无须通过说教达成，而《送你一朵小红花》就连内心独白都背负说教的功能。有趣的是对身体的呈现，除了对“身体发肤，受之父母”和家本位文化的反复强调（真的不必再给中国独生家庭的父母增添焦虑），还有不断“性化”易烊千玺身体的努力——当众裸露的羞辱与快感，展示身体的特定部位和毛发；真正与癌症相关的光头意象倒反而变得无关紧要了。结尾加一星。,24
Oo。,热泪盈眶，珍惜生活,81
山茶花绵绵冰,这个电影特别虚伪，它把癌症病人或者说面对这种重大疾病时候人最难以承受的两个问题抹杀了，并在这个基础上拍了一个近似矫情的青春片。癌症病人面临的最大的两个问题是金钱和家人的态度，这两样问题在电影里所有病人那里好像都不是什么大问题。花钱虽多但也不是过不下去 何况家人都爱自己陪着自己 ，好像他们要解决的只有和自己达成和解。,50
老袁,《星运里的错》有《我和厄尔以及将死的女孩》虽然都有癌症题材，但内核和主题完全是不同的。星运就是一个青春爱情片，辅以成长。厄尔是青春成长主题的，所以里面没有爱情。但小红花这个集大成之作又要男主的个人成长又要青春爱情，最后可能嫉妒药神好卖，又弄了点癌症病人的群像。总而言之就是什么都有，什么都没有弄到极致。ps：易烊千玺演得不错！,29
暖暖,反正我哭了好久 演员演技好 情节感人 配乐也不错 我喜欢,79
